artist;track;duration
The Future Kings of England;Lily Lockwood;498
The Future Kings of England;October Moth;229
The Future Kings of England;Silent And Invisible Converts;450
The Future Kings of England;Humber Doucy Lane;538
The Future Kings of England;10:66;463
The Future Kings of England;At Long Last...;61
Héroes del Silencio;El Cuadro II;170
Héroes del Silencio;Con Nombre De Guerra;256
Héroes del Silencio;Decadencia;269
Héroes del Silencio;Despertar;204
Héroes del Silencio;Oración;242
Héroes del Silencio;Hechizo;191
Héroes del Silencio;Senda;231
Héroes del Silencio;Malas Intenciones;225
Héroes del Silencio;La Carta;185
Héroes del Silencio;Maldito Duende;254
Héroes del Silencio;Entre Dos Tierras;371
Dire Straits;It Never Rains;476
Dire Straits;Love Over Gold;376
Dire Straits;Industrial Disease;352
Dire Straits;Private Investigations;492
Dire Straits;Telegraph Road;865
Dire Straits;Brothers in Arms;517
Dire Straits;One World;220
Dire Straits;The Man's Too Strong;280
Dire Straits;Ride Across the River;632
Dire Straits;Why Worry;317
Dire Straits;Your Latest Trick;394
Dire Straits;Walk of Life;261
Dire Straits;Money for Nothing;248
Dire Straits;So Far Away;307
Dire Straits;Follow Me Home;350
Dire Straits;Single-Handed Sailor;273
Dire Straits;Portobello Belle;265
Dire Straits;Angel of Mercy;394
Dire Straits;Lady Writer;221
Dire Straits;Communiqué;349
Dire Straits;Where Do You Think You're Going?;269
Dire Straits;News;388
Dire Straits;Once Upon a Time in the West;313
Pink Floyd;Alan's Psychedelic Breakfast;1729
Pink Floyd;Fat Old Sun;960
Pink Floyd;Summer '68;329
Pink Floyd;If;296
Pink Floyd;Atom Heart Mother;988
Pink Floyd;Eclipse;183
Pink Floyd;Brain Damage;230
Pink Floyd;Any Colour You Like;82
Pink Floyd;Us and Them;388
Pink Floyd;Money;459
Pink Floyd;The Great Gig in the Sky;266
Pink Floyd;Time;363
Pink Floyd;On the Run;370
Pink Floyd;Breathe in the Air;134
Pink Floyd;Speak to Me;81
Pink Floyd;Shine on You Crazy Diamond [Parts VI–IX];743
Pink Floyd;Wish You Were Here;366
Pink Floyd;Have a Cigar;355
Pink Floyd;Welcome to the Machine;434
Pink Floyd;Shine On You Crazy Diamond [Parts I–V];811
Pink Floyd;Pigs on the Wing 2;147
Pink Floyd;Sheep;655
Pink Floyd;Pigs [three different ones];682
Pink Floyd;Dogs;1021
Pink Floyd;Pigs on the Wing 1;108
Nino Bravo;Te Quiero, Te Quiero;171
Nino Bravo;Voy Buscando;178
Nino Bravo;Esa Será Mi Casa;193
Nino Bravo;Nuestro Hogar Será El Mundo;183
Nino Bravo;No Debo Pensar En Ti;166
Nino Bravo;Vuelvo A Estar Sin Ti;226
Nino Bravo;Como Todos;187
Nino Bravo;Tú cambiarás;150
Nino Bravo;Te Acuerdas, María;189
Nino Bravo;Carolina;148
Nino Bravo;Hoy Te Quiero Ofrecer;187
Nino Bravo;Gracias A Ti;150
Nino Bravo;Por Qué;260
Nino Bravo;Libre;251
Nino Bravo;El Amor;200
Nino Bravo;Eres Todo Cuanto Quiero;194
Nino Bravo;Volver A Empezar;163
Nino Bravo;Vete;244
Nino Bravo;Mi Tierra;264
Pink Floyd;Outside the Wall;87
Pink Floyd;The Trial;381
Pink Floyd;Stop;38
Pink Floyd;Waiting for the Worms;231
Pink Floyd;Run Like Hell;632
Pink Floyd;In the Flesh;197
Pink Floyd;The Show Must Go On;163
Pink Floyd;Bring the Boys Back Home;94
Pink Floyd;Vera;80
Pink Floyd;Nobody Home;186
Pink Floyd;Is There Anybody Out There;209
Pink Floyd;Hey You;279
Pink Floyd;Goodbye Cruel World;63
Pink Floyd;Another Brick In The Wall [part 3];75
Pink Floyd;Don't Leave Me Now;262
Pink Floyd;One of My Turns;418
Pink Floyd;Young Lust;252
Pink Floyd;Empty Spaces;113
Pink Floyd;Goodbye Blue Sky;233
Pink Floyd;Mother;421
Pink Floyd;Another Brick In The Wall [Part 2];239
Pink Floyd;The Happiest Days of Our Lives;80
Pink Floyd;Another Brick In The Wall [Part 1];190
Pink Floyd;The Thin Ice;168
Pink Floyd;In the Flesh?;177
Nino Bravo;Yo Te Quiero Dar;193
Nino Bravo;Contigo Soy Feliz;152
Nino Bravo;Mi Gran Amor;165
Nino Bravo;La Niña Es Ya Mujer;167
Nino Bravo;Por Fin Mañana;200
Nino Bravo;Noelia;185
Nino Bravo;Para qué seguir;158
Nino Bravo;Por Fin Mi Amor;165
Nino Bravo;Arena De Otoño;209
Nino Bravo;Para darte mi corazón;195
Nino Bravo;Un Beso Y Una Flor;272
Nino Bravo;Hoy Soy Feliz;194
Nino Bravo;Ese Hombre;177
Nino Bravo;Perdona;210
Nino Bravo;Flor De Invernadero;156
Nino Bravo;Amanecer;217
Nino Bravo;Elisabeth;191
Nino Bravo;Mis Noches Sin Ti;171
Nino Bravo;Por Culpa Tuya;217
Nino Bravo;Ni El Viento Ni El Tiempo;225
Nino Bravo;El Adiós;185
Nino Bravo;El Tren Se Va;222
Nino Bravo;Puerta De Amor;200
Nino Bravo;Es El Viento;158
Nino Bravo;Te Amaré;187
Nino Bravo;¿Quién eres tú?;216
Nino Bravo;Aquel Atardecer;172
Nino Bravo;Mi Querida Mamá;165
Nino Bravo;En Libertad;230
Nino Bravo;Potpourri Te Quiero, Te Quiero;390
Nino Bravo;Vivir;243
Nino Bravo;Mona Lisa;154
Nino Bravo;Aquel Amor;185
Nino Bravo;Cantaré;221
Nino Bravo;Yo No Sé Por Qué Esta Melodía;251
Nino Bravo;Pintaré Tu Color;210
Nino Bravo;Laura;210
Nino Bravo;Mi Mundo Está Vacío;181
Nino Bravo;Vuelve;203
Nino Bravo;América, América;212
Nino Bravo;Señora, Señora;183
Nino Bravo;Cartas Amarillas;230
Fabrizio De André;Corale (Leggenda Del Re Infelice);298
Fabrizio De André;Recitativo (Due invocazioni e un atto di accusa);47
Fabrizio De André;Girotondo;184
Fabrizio De André;Inverno;251
Fabrizio De André;Ballata Degli Impiccati;257
Fabrizio De André;Secondo Intermezzo;116
Fabrizio De André;Leggenda Di Natale;201
Fabrizio De André;Primo Intermezzo;117
Fabrizio De André;Cantico Dei Drogati;426
Fabrizio De André;Il Re Fa Rullare I Tamburi;190
Fabrizio De André;La ballata del michè;171
Fabrizio De André;Nell'acqua della chiara fontana;135
Fabrizio De André;Il testamento;185
Fabrizio De André;La Guerra Di Piero;206
Fabrizio De André;Amore Che Vieni Amore Che Vai;166
Fabrizio De André;S'i' fosse foco;71
Fabrizio De André;La ballata dell'eroe;154
Fabrizio De André;Il Gorilla;178
Fabrizio De André;La Canzone Di Marinella;244
Fabrizio De André;Monti di Mola;464
Juanma Rodríguez;Cuando parecía que 'El Chiringuito' iba a ir por aquí...va por allá;0
Juanma Rodríguez;La 'NOTTE' iba por 'QUI'...y DE REPENTE...¡¡POR 'QUA'!!;0
Fabrizio De André;'A Cimma;378
Fabrizio De André;La nova gelosia;185
Fabrizio De André;Megu Megun;321
Fabrizio De André;La Domenica Delle Salme;394
Fabrizio De André;Don Raffae';248
Fabrizio De André;Ottocento;250
Fabrizio De André;Le Nuvole;140
Mark Knopfler;Going Home: Theme of the Local Hero;295
Mark Knopfler;The Rocks & The Thunder;0
Mark Knopfler feat. Gerry Rafferty;the way it always starts;248
Mark Knopfler;Boomtown (Variation Louis' Favourite);250
Mark Knopfler;Freeway Flyer;110
Mark Knopfler;Wild Theme;0
Mark Knopfler;The Rocks & The Water;210
Iceberg;11/8 'Manifest de la follia';0
Iceberg;Valencia;0
Iceberg;La Flamenca Electrica;348
Iceberg;La d'En Kitflus;412
Iceberg;L'acustica 'Referencia d'un canvi d'interior';0
Iceberg;Nova 'Musica de la llum';0
Iceberg;Preludi i Record;139
The Beatles;I'll Be Back;140
The Beatles;You Can't Do That;151
The Beatles;When I Get Home;137
The Beatles;Things We Said Today;153
The Beatles;I'll Cry Instead;103
The Beatles;Any Time at All;129
The Beatles;Can't Buy Me Love;139
The Beatles;Tell Me Why;124
The Beatles;And I Love Her;327
The Beatles;I'm Happy Just to Dance with You;113
The Beatles;If I Fell;136
The Beatles;I Should Have Known Better;159
The Beatles;A Hard Day's Night;152
Fito & Fitipaldis;Abrazado a la Tristeza;206
Fito & Fitipaldis;Esta noche;243
Fito & Fitipaldis;Medalla de cartón;318
Fito & Fitipaldis;No soy Bo Diddley;229
Fito & Fitipaldis;Acabo de llegar;375
Fito & Fitipaldis;Deltoya;145
Fito & Fitipaldis;Donde todo empieza;332
Fito & Fitipaldis;214 Sullivan Street;134
Fito & Fitipaldis;Viene y va;274
Fito & Fitipaldis;Sobra la luz;215
Fito & Fitipaldis;Como pollo sin cabeza;250
Fito & Fitipaldis;Me equivocaría otra vez;305
Fito & Fitipaldis;Por la boca vive el pez;268
Fito & Fitipaldis;Siempre Estoy Soñando;251
Fito & Fitipaldis;Whisky Barato;198
Fito & Fitipaldis;Las Nubes De Tu Pelo;309
Fito & Fitipaldis;Vamonó;210
Fito & Fitipaldis;Nada Que Decir;180
Fito & Fitipaldis;Quiero Ser Una Estrella;201
Fito & Fitipaldis;Corazón Oxidado;241
Fito & Fitipaldis;Soldadito Marinero;254
Fito & Fitipaldis;El ojo que me mira;187
Fito & Fitipaldis;Feo;294
Fito & Fitipaldis;Un Buen Castigo;278
Fito & Fitipaldis;La Casa Por El Tejado;268
Extremoduro;Calle Esperanza s/n;426
Extremoduro;Tango suicida;487
Extremoduro;Si te vas;517
Extremoduro;Otra inútil canción para la paz;371
Extremoduro;Mi espíritu imperecedero;342
Extremoduro;Desarraigo;457
Extremoduro;Extraterrestre;208
Extremoduro;Esrase una vez;276
Extremoduro;Esclarecido;383
Extremoduro;Villancico del Rey de Extremadura;181
Extremoduro;Enemigo;158
Extremoduro;Autorretrato;443
Extremoduro;Su Culo Es Miel;358
Extremoduro;Golfa;359
Extremoduro;Salir;318
Extremoduro;Pedrá;1769
Extremoduro;La Vieja (Canción Sórdida);283
Extremoduro;Buitre No Come Alpiste;258
Extremoduro;Puta;323
Extremoduro;Cerca del Suelo;282
Extremoduro;Luce la Oscuridad;231
Extremoduro;Menamoro;189
Extremoduro;Standby;208
Extremoduro;Hoy te la meto hasta las orejas;223
Extremoduro;La Vereda de la Puerta de Atrás;243
Extremoduro;A Fuego;326
Triana;Todo es de color;124
Triana;En el lago;395
Triana;Dialogo;271
Triana;Se de un lugar;429
Triana;Recuerdos de una noche;282
Triana;Luminosa manana;241
Triana;Abre la puerta;590
The Doors;Riders on the Storm;280
The Doors;The Wasp (Texas Radio and the Big Beat);252
The Doors;Crawling King Snake;297
The Doors;Hyacinth House;190
The Doors;L'America;275
The Doors;L.A. Woman;469
The Doors;Cars Hiss by My Window;250
The Doors;Been Down So Long;280
The Doors;Love Her Madly;199
The Doors;The Changeling;260
Tinariwen (+IO:I);Sastanàqqàm;0
Dire Straits;Skateaway;395
Dire Straits;Tunnel of Love;1166
Dire Straits;Les Boys;244
Dire Straits;Solid Rock;276
Dire Straits;Hand in Hand;289
Dire Straits;Expresso Love;403
Dire Straits;Romeo and Juliet;358
Francesco Guccini;Canzone di notte n.2;295
Francesco Guccini;Piccola storia ignobile;0
Triana;Vuelta A La Sombra Y A La Luz;166
Triana;Tiempo Sin Saber;322
Triana;Hasta volver;640
Triana;Sombra Y Luz;449
Triana;Quiero contarte;300
Triana;Una historia;306
Pink Floyd;Echoes;1724
Robe;Tercer movimiento: Un instante de luz;634
Robe;Segundo movimiento: Mierda de filosofía;286
Robe;Primer Movimiento: Después de la catársis;537
Robe;Interludio;192
Café Quijano;No Tienes Corazón;245
Café Quijano;Nadie Lo Entiende;306
Café Quijano;Dame De Esa Boca;232
Café Quijano;El Loco Triste;252
Café Quijano;Todo Es Mentira;224
Café Quijano;¿Por Qué Me Miente?;244
Café Quijano;¡Qué Grande Es Esto Del Amor!;245
Café Quijano;La Duquesa;265
Café Quijano;El Arte Del Teatro;253
Café Quijano;Cerrando Bares;238
Café Quijano;Tequila;259
Oasis;Soldier On;290
Oasis;The Nature of Reality;227
Oasis;Ain't Got Nothin';134
Oasis;To Be Where There's Life;275
Oasis;Falling Down;260
Oasis;(Get Off Your) High Horse Lady;246
Oasis;I'm Outta Time;250
Oasis;The Shock of the Lightning;299
Oasis;Waiting for the Rapture;182
Oasis;The Turning;304
Oasis;Bag It Up;280
Mark Knopfler;The Rocks & The Thunder (Reprise);0
Mark Knopfler;Stargazer;91
Mark Knopfler;Smooching;300
Mark Knopfler;Whistle Theme;53
Mark Knopfler;The Ceilidh: Louis' Favourite / Billy's Tune;222
Mark Knopfler;The Mist Covered Mountains;299
Mark Knopfler;The Ceilidh & The Northern Lights;0
Fleetwood Mac;Go Your Own Way;217
Fleetwood Mac;Don't Stop;192
Fleetwood Mac;Never Going Back Again;122
Fleetwood Mac;Dreams;257
Fleetwood Mac;Second Hand News;163
The Beatles;Dizzy Miss Lizzy;186
The Beatles;Yesterday;122
The Beatles;I've Just Seen a Face;127
The Beatles;Tell Me What You See;152
The Beatles;You Like Me Too Much;157
The Beatles;It's Only Love;148
The Beatles;Act Naturally;172
The Beatles;Ticket to Ride;187
The Beatles;You're Going to Lose That Girl;139
The Beatles;Another Girl;125
The Beatles;I Need You;152
The Beatles;You've Got to Hide Your Love Away;131
The Beatles;The Night Before;153
The Beatles;Help!;138
Tame Impala;Wings Of Time (From The Motion Picture Dungeons & Dragons: Honor Among Thieves);168
Dire Straits;Lions;299
Dire Straits;Wild West End;556
Dire Straits;In the Gallery;372
Dire Straits;Sultans of Swing;289
Dire Straits;Southbound Again;182
Dire Straits;Six Blade Knife;246
Dire Straits;Setting Me Up;200
Dire Straits;Water of Love;319
Dire Straits;Down to the Waterline;222
Roger Waters;Part of Me Died;192
Roger Waters;Oceans Apart;67
Roger Waters;Wait for Her;508
Roger Waters;Smell the Roses;314
Roger Waters;The Most Beautiful Girl;369
Roger Waters;Bird In A Gale;331
Roger Waters;Is This the Life We Really Want?;353
Roger Waters;Broken Bones;387
Roger Waters;Picture That;410
Roger Waters;The Last Refugee;262
Roger Waters;Deja Vu;342
Roger Waters;When We Were Young;98
Roger Waters;Amused to Death;547
Roger Waters;It's a Miracle;510
Roger Waters;Three Wishes;219
Roger Waters;Watching TV;367
Roger Waters;What God Wants, Part III;248
Roger Waters;What God Wants, Part II;221
Roger Waters;Too Much Rope;312
Roger Waters;Late Home Tonight, Part II;133
Roger Waters;Late Home Tonight, Part I;240
Roger Waters;The Bravery of Being Out of Range;456
Roger Waters;Perfect Sense, Part II;170
Roger Waters;Perfect Sense, Part I;256
Roger Waters;What God Wants, Part I;360
Roger Waters;The Ballad of Bill Hubbard;259
The Doors;When the Music's Over;774
The Doors;I Can't See Your Face in My Mind;198
The Doors;My Eyes Have Seen You;149
The Doors;People Are Strange;130
The Doors;Moonlight Drive;180
The Doors;Unhappy Girl;120
The Doors;Love Me Two Times;203
The Doors;You're Lost Little Girl;181
The Doors;Strange Days;185
The Doors;The End;706
The Doors;Take It as It Comes;137
The Doors;End of the Night;174
The Doors;I Looked at You;143
The Doors;Back Door Man;146
The Doors;Light My Fire;646
The Doors;Alabama Song (Whisky Bar);217
The Doors;Twentieth Century Fox;153
The Doors;The Crystal Ship;154
The Doors;Soul Kitchen;281
The Doors;Break on Through (to the Other Side);254
The Beatles;A Day in the Life;334
The Beatles;Sgt Peppers..(Reprise);0
The Beatles;Good Morning Good Morning;155
The Beatles;Lovely Rita;162
The Beatles;When I'm Sixty-Four;157
The Beatles;Within You Without You;305
The Beatles;Being for the Benefit of Mr. Kite!;157
The Beatles;She's Leaving Home;155
The Beatles;Fixing a Hole;156
The Beatles;Getting Better;168
The Beatles;Lucy in the Sky With Diamonds;208
The Beatles;With a Little Help From My Friends;164
The Beatles;Sgt Peppers Lonely Hearts Club Band;290
The Beatles;Run for Your Life;48
The Beatles;If I Needed Someone;147
The Beatles;Wait;132
The Beatles;In My Life;143
The Beatles;I'm Looking Through You;150
The Beatles;Girl;146
The Beatles;What Goes On;171
The Beatles;Michelle;182
The Beatles;The Word;162
The Beatles;Think for Yourself;137
The Beatles;Nowhere Man;130
The Beatles;You Won't See Me;199
The Beatles;Norwegian Wood (The Bird Has Flown);125
The Beatles;Drive My Car;145
The Beatles;Tomorrow Never Knows;179
The Beatles;Got to Get You Into My Life;145
The Beatles;I Want to Tell You;152
The Beatles;Doctor Robert;133
The Beatles;For No One;142
The Beatles;And Your Bird Can Sing;119
The Beatles;Good Day Sunshine;125
The Beatles;She Said She Said;159
The Beatles;Yellow Submarine;166
The Beatles;Here, There and Everywhere;146
The Beatles;Love You To;188
The Beatles;I'm Only Sleeping;177
The Beatles;Eleanor Rigby;129
The Beatles;Taxman;155
Café Quijano;Lágrimas de miel;214
Café Quijano;Los locos;216
Café Quijano;Vete de mí;172
Café Quijano;Falsas promesas;263
Café Quijano;Morenita;198
Café Quijano;El perdido;189
Café Quijano;De sol a sol;214
Café Quijano;Hablando a un cristal;209
Café Quijano;Sangre Negra;220
Café Quijano;La Lola;196
Mark Knopfler;Speedway At Nazareth;432
Mark Knopfler;Wanderlust;232
Mark Knopfler;Prairie Wedding;284
Mark Knopfler;El Macho;328
Mark Knopfler;Silvertown Blues;213
Mark Knopfler;Do America;251
Mark Knopfler;The Last Laugh;201
Mark Knopfler;Baloney Again;309
Mark Knopfler;Who's Your Baby Now;186
Mark Knopfler;Sailing to Philadelphia;466
Mark Knopfler;What It Is;298
Café Quijano;Otra Vez (Que Pena de Mi);258
Café Quijano;En mis Besos;214
Café Quijano;Qué Poca Cosa;250
Café Quijano;Las Llaves de Raquel;232
Café Quijano;La taberna del Buda;226
Café Quijano;En Aquel Hotel Jamaicano;233
Café Quijano;Que le Debo a la Vida;242
Café Quijano;Lucía, la Corista;260
Café Quijano;Desde Brasil;232
Café Quijano;De Piratas;229
Café Quijano;Nada de Na;222
Eagles;The Last Resort;438
Eagles;Try and Love Again;310
Eagles;Pretty Maids All in a Row;279
Eagles;Victim of Love;301
Eagles;Wasted Time (Reprise);90
Eagles;Wasted Time;324
Eagles;Life in the Fast Lane;511
Eagles;New Kid in Town;304
Eagles;Hotel California;390
Led Zeppelin;How Many More Times;785
Led Zeppelin;I Can't Quit You Baby;383
Led Zeppelin;Communication Breakdown;331
Led Zeppelin;Black Mountain Side [Instrumental];536
Led Zeppelin;Your Time Is Gonna Come;274
Led Zeppelin;Dazed and Confused;1099
Led Zeppelin;You Shook Me;260
Led Zeppelin;Babe I'm Gonna Leave You;401
Led Zeppelin;Good Times Bad Times;191
Smash;Ahimsa (No Violencia);129
Smash;Ottenos;69
Smash;Sitting On The Truth (Sentado en la Verdad);398
Smash;Love Millionaire (Millonario de Amor);181
Smash;Nazarin Again (Nazarín de nuevo);167
Smash;Glorieta De Los Lotos;60
Smash;It's Only Nothing (Solamente Nada);286
Smash;Tove and all That (Tove y todo eso);165
Smash;Free as the Green Little Men (Libre como los hombrecillos verdes);46
Smash;Light Blood, Dark Bleeding (Sangre Ligera, Oscura Sangría);172
Smash;Forever Walking (Caminando para Siempre);237
Mark Knopfler;One More Matinee;249
Mark Knopfler;Sands of Nevada;238
Mark Knopfler;Junkie Doll;313
Smash (ESP);Nazarin Again (Nazarín de nuevo);167
Smash (ESP);It's Only Nothing (Solamente nada);286
Smash (ESP);Tove and All That (Tove y todo eso);165
Smash (ESP);Free as the Green Little Men (Libre como los hombrecillos verdes);46
Smash (ESP);Light Blood, Dark Bleeding (Sangre ligera, oscura sangría);172
Smash (ESP);Forever Walking (Caminando para siempre);237
Tame Impala;I Don't Really Mind;386
Tame Impala;Runway, Houses, City, Clouds;412
Tame Impala;The Bold Arrow of Time;337
Tame Impala;Expectation;407
Tame Impala;Jeremy's Storm;306
Tame Impala;Solitude Is Bliss;235
Tame Impala;Why Won't You Make Up Your Mind?;208
Tame Impala;Lucidity;268
Tame Impala;Alter Ego;309
Tame Impala;Desire Be Desire Go;325
Tame Impala;It Is Not Meant to Be;322
Smash (ESP);Ahimsa (No violencia);129
Smash (ESP);Ottenos;73
Smash (ESP);Sitting on the Truth (Sentado en la verdad);398
Smash (ESP);Love Millionaire (Millonario de amor);181
Smash (ESP);Glorieta de los Lotos;63
Extremoduro;Salir (nueva mezcla 2004);328
Triana;Fin;118
Triana;Caudaloso Río;239
Triana;Encuentro Fugaz;318
Triana;Un Extraño Más;184
Triana;Un Nido en mi Ventana;211
Triana;Cae Fina La Lluvia;196
Triana;A través del aire;365
Triana;Tu frialdad;263
Supertramp;Casual Conversations;178
Supertramp;Just Another Nervous Wreck;266
Supertramp;Lord Is It Mine;250
Supertramp;Oh Darling;220
Supertramp;Breakfast in America;157
Supertramp;Goodbye Stranger;402
Supertramp;The Logical Song;242
Supertramp;Gone Hollywood;340
Dire Straits;How Long;229
Dire Straits;Planet of New Orleans;460
Dire Straits;Ticket to Heaven;261
Dire Straits;You and Your Friend;359
Dire Straits;The Bug;255
Dire Straits;Fade to Black;230
Dire Straits;When It Comes to You;285
Dire Straits;On Every Street;294
Dire Straits;Calling Elvis;410
Tom Petty;Something in the Air;215
Tom Petty;Mary Jane's Last Dance;273
Tom Petty;Into The Great Wide Open;255
Tom Petty;Learning To Fly;238
Tom Petty;Free Fallin';257
Tom Petty;Runnin' Down A Dream;263
Tom Petty;I Won't Back Down;176
Tom Petty;Don't Come Around Here No More;409
Tom Petty;You Got Lucky;0
Tom Petty;Waiting;0
Tom Petty;Here Comes My Girl;0
Tom Petty;Even The Losers;0
Tom Petty;Don't Do Me Like That;166
Tom Petty;Refugee;242
Tom Petty;I Need To Know;155
Tom Petty;Listen To Her Heart;183
Tom Petty;Anything That's Rock 'N' Roll;0
Tom Petty;Breakdown;258
Tom Petty;American Girl;227
Crack;Epilogo;139
Crack;Si todo Hiciera Crack;611
Crack;Marchando una del Cid (Part 1, 2);465
Crack;Buenos Deseos;231
Crack;Cobarde o Desertor;296
Crack;Amantes de la Irrealidad;375
Crack;Descenso en el Mahëllstrong;327
Smash;Goodbye (Adiós);77
Smash;Fail Safe;631
Smash;Don't Be Sad Baby (No Estés Triste Pequeña);176
Smash;My Funny Girl (Mi Graciosa Muchacha);152
Smash;We Come To Smash This Time (Esta Vez Venimos A Golpear);198
Smash;Behind The Stars (Detrás De Las Estrellas);246
Smash;First Movement (Primer Movimiento);227
Smash;Well, You Know (Bueno Tú Ya Sabes);181
Smash (ESP);Rock and Roll (Rollo en las rocas);536
Robe;Del Tiempo Perdido;446
Extremoduro;Stand By (Directo, 2002);0
el Drogas;Frío con Fito, Rosendo y Carlos Tarque (Un día nada más);0
Desakato;Heroes;0
Desakato;Estepa;132
Pink Floyd;Two Suns in the Sunset;314
Pink Floyd;Not Now John;301
Pink Floyd;The Final Cut;286
Pink Floyd;Southampton Dock;133
Pink Floyd;Get Your Filthy Hands Off My Desert;79
Pink Floyd;Paranoid Eyes;220
Pink Floyd;The Gunner's Dream;378
Pink Floyd;The Hero's Return;176
Pink Floyd;When the Tigers Broke Free;222
Pink Floyd;One of the Few;77
Pink Floyd;Your Possible Pasts;262
Pink Floyd;The Post War Dream;182
Pink Floyd;High Hopes;419
The Beatles;Here Comes the Sun;184
Rosendo;Para Cuando Desatino;0
Renaissance;Cold Is Being;184
Renaissance;All The Fallen Angels (Demo) (Bonus);0
Renaissance;Prayer For Light (From The Film 'Schizom') (Bonus);0
Renaissance;Past Orbits Of Dust;881
Renaissance;Face Of Yesterday;454
Renaissance;Mr. Pine;780
Renaissance;Love Is All;220
Renaissance;Golden Thread;502
Renaissance;Love Goes On;168
The Beatles;Twist and Shout;166
The Beatles;There's a Place;106
The Beatles;A Taste of Honey;140
The Beatles;Do You Want to Know a Secret;113
The Beatles;Baby It's You;149
The Beatles;P.S. I Love You;124
The Beatles;Love Me Do;143
The Beatles;Please Please Me;120
The Beatles;Ask Me Why;154
The Beatles;Boys;152
The Beatles;Chains;140
The Beatles;Anna (Go to Him);180
The Beatles;Misery;108
The Beatles;I Saw Her Standing There;153
Fleetwood Mac;Gold Dust Woman;291
Fleetwood Mac;Oh Daddy;234
Fleetwood Mac;I Don't Want to Know;191
Fleetwood Mac;You Make Loving Fun;214
Fleetwood Mac;The Chain;269
Fleetwood Mac;Songbird;193
Sade;It's Only Love That Gets You Through;233
Sade;Lover's Rock;0
Sade;Immigrant;228
Sade;Every Word;0
Sade;The Sweetest Gift;165
Sade;Slave Song;252
Sade;All About Our Love;160
Sade;King of Sorrow;292
Sade;Flow;274
Sade;By Your Side;258
The Beatles;Get Back;217
The Beatles;For You Blue;146
The Beatles;The Long and Winding Road;218
The Beatles;One After 909;299
The Beatles;I've Got a Feeling;52
The Beatles;Maggie Mae;38
The Beatles;Let It Be;207
The Beatles;Dig It;413
The Beatles;I Me Mine;145
The Beatles;Across the Universe;220
The Beatles;Dig a Pony;274
The Beatles;Two of Us;209
The Beatles;The End;142
The Beatles;Carry That Weight;97
The Beatles;Golden Slumbers;92
The Beatles;She Came in Through the Bathroom Window;238
The Beatles;Polythene Pam;103
The Beatles;Mean Mr. Mustard;66
The Beatles;Sun King;146
The Beatles;You Never Give Me Your Money;242
The Beatles;Because;166
The Beatles;I Want You (She's So Heavy);465
The Beatles;Octopus's Garden;169
The Beatles;Oh! Darling;205
The Beatles;Maxwell's Silver Hammer;207
The Beatles;Something;184
The Beatles;Come Together;266
The Beatles;Yellow Submarine in Pepperland;130
The Beatles;Pepperland Laid Waste;135
The Beatles;March of the Meanies;142
The Beatles;Sea of Monsters;219
The Beatles;Sea of Holes;140
The Beatles;Sea of Time;180
The Beatles;Pepperland;143
The Beatles;All You Need Is Love;232
The Beatles;It's All Too Much;382
The Beatles;Hey Bulldog;188
The Beatles;All Together Now;131
The Beatles;Only a Northern Song;206
The Beatles;Good Night;194
The Beatles;Revolution 9;495
The Beatles;Cry Baby Cry;191
The Beatles;Savoy Truffle;175
The Beatles;Honey Pie;162
The Beatles;Revolution 1;253
The Beatles;Long, Long, Long;188
The Beatles;Helter Skelter;270
The Beatles;Sexy Sadie;195
The Beatles;Everybody's Got Something to Hide Except Me and My Monkey;145
The Beatles;Mother Nature's Son;166
The Beatles;Yer Blues;238
The Beatles;Birthday;160
The Beatles;Julia;177
The Beatles;I Will;106
The Beatles;Why Don't We Do It in the Road?;102
The Beatles;Don't Pass Me By;232
The Beatles;Rocky Raccoon;213
The Beatles;Piggies;124
The Beatles;Blackbird;140
The Beatles;I'm So Tired;121
The Beatles;Martha My Dear;148
The Beatles;Happiness Is a Warm Gun;167
The Beatles;While My Guitar Gently Weeps;285
The Beatles;The Continuing Story of Bungalow Bill;185
The Beatles;Wild Honey Pie;62
The Beatles;Ob-La-Di, Ob-La-Da;190
The Beatles;Glass Onion;130
The Beatles;Dear Prudence;240
The Beatles;Back in the U.S.S.R.;165
The Beatles;Money (That's What I Want);143
The Beatles;Not a Second Time;125
The Beatles;Devil in Her Heart;145
The Beatles;I Wanna Be Your Man;119
The Beatles;You Really Got a Hold on Me;179
The Beatles;Hold Me Tight;150
The Beatles;Roll Over Beethoven;161
The Beatles;Please Mister Postman;149
The Beatles;Till There Was You;178
The Beatles;Little Child;107
The Beatles;Don't Bother Me;148
The Beatles;All My Loving;124
The Beatles;All I've Got to Do;121
The Beatles;It Won't Be Long;134
The Beatles;Everybody's Trying to Be My Baby;133
The Beatles;What You're Doing;158
The Beatles;I Don't Want to Spoil the Party;157
The Beatles;Every Little Thing;124
The Beatles;Honey Don't;166
The Beatles;Words of Love;130
The Beatles;Eight Days a Week;167
The Beatles;Medley: a. Kansas City b. Hey, Hey, Hey, Hey;151
The Beatles;Mr. Moonlight;127
The Beatles;I'll Follow the Sun;105
The Beatles;Rock and Roll Music;118
The Beatles;Baby's in Black;153
The Beatles;I'm a Loser;148
The Beatles;No Reply;133
The Beatles;Kansas City / Hey-Hey-Hey-Hey!;158
Santana;(Da Le) Yaleo;177
B.B. King;Paying The Cost To Be The Boss;213
B.B. King;Every Day ( I Have The Blues );132
John Lee Hooker;I Want to Shout;145
John Lee Hooker;She Shot Me Down;169
John Lee Hooker;Send Me Your Pillow;145
John Lee Hooker;Keep Your Hands to Yourself;140
John Lee Hooker;What Do You Say;150
John Lee Hooker;Onions;130
John Lee Hooker;I Wanna Walk;134
John Lee Hooker;Hard Headed Woman;151
John Lee Hooker;I'm so Excited;167
John Lee Hooker;Want Ad Blues;136
John Lee Hooker;House Rent Boogie;165
John Lee Hooker;I Want To Hug You;162
John Lee Hooker;Hobo Blues;180
John Lee Hooker;Boom Boom;151
Hot Playlist with red screen;Hot Playlist with red screen~;0
The Charlatans;Sunset & Vine;225
The Charlatans;Glory Glory;211
The Charlatans;The Architect;250
The Charlatans;Road to Paradise;272
The Charlatans;City of the Dead;242
The Charlatans;Muddy Ground;240
The Charlatans;Dead Man's Eye;261
The Charlatans;For Your Entertainment;238
The Charlatans;N.Y. C (No Need to Stop);0
The Charlatans;Blackened Blue Eyes;267
Noel Gallagher's High Flying Birds;Stop the Clocks;304
Noel Gallagher's High Flying Birds;AKA... Broken Arrow;0
Noel Gallagher's High Flying Birds;Soldier Boys and Jesus Freaks;0
Noel Gallagher's High Flying Birds;AKA... What a Life!;263
Noel Gallagher's High Flying Birds;(I Wanna Live in a Dream in My) Record Machine;0
Noel Gallagher's High Flying Birds;The Death of You and Me;208
Noel Gallagher's High Flying Birds;If I Had a Gun...;249
Noel Gallagher's High Flying Birds;Dream On;0
Renaissance;Life In Brazil;223
Renaissance;Dolphins Prayer;202
Renaissance;The Race;300
Renaissance;In My Life;326
Renaissance;In The Sunshine;265
Renaissance;Dear Landseer;340
Renaissance;Eva's Pond;222
Renaissance;Pearls Of Wisdom;267
🔴 THE GAME AWARDS 2025: Official 4K60FPS Livestream (Today;7:30p ET / 4:30p PT / 12:30a GMT);0
Star Wars;Fate of the Old Republic Teaser Trailer;0
Robe.;Ruptura Leve;91
Robe.;Por Ser un Pervertido;343
Robe.;De Manera Urgente;227
Robe.;Nana Cruel;404
Robe.;...Y Rozar Contigo;203
Robe.;Un Suspiro Acompasado;550
Robe;Coda feliz;0
Robe;Cuarto movimiento: Yo no soy el dueño de mis emociones;0
Extremoduro;La canción de los oficios (tema extra);0
Extremoduro;Necesito droga y amor (tema extra);0
Extremoduro;Tu corazón (tema extra);0
Extremoduro;Necesito Droga y Amor;206
Extremoduro;Resolución;232
Extremoduro;Desidia;270
Extremoduro;Perro Callejero;179
Extremoduro;Ni Príncipes Ni Princesas;261
Extremoduro;J.D. La central nuclear;89
Extremoduro;V Centenario;0
Extremoduro;Quemando Tus Recuerdos;352
Extremoduro;La Canción de los Oficios;232
Extremoduro;Tu Corazón;306
Extremoduro;Arrebato  (versión 2004);0
Extremoduro;Decidí (versión 2004);153
Extremoduro;Jesucristo García (versión 2004);276
Extremoduro;Extremaydura (nueva mezcla con nuevas pistas);202
Extremoduro;Amor Castúo (versión 2004);207
Extremoduro;caballero andante (¡no me dejéis asííí!);0
Extremoduro;Te Juzgarán Sólo Por Tus Errores (Yo No);0
Extremoduro;Adiós abanico, que llegó el aire;0
Extremoduro;La Hoguera;255
Extremoduro;Jesucristo García;391
Extremoduro;Arrebato;221
Extremoduro;Romperás;210
Extremoduro;Decidí;153
Extremoduro;Emparedado;0
Extremoduro;Extremaydura;0
Renaissance;Opening Out;256
Renaissance;Island;372
Renaissance;The Sea;183
Renaissance;Bullet;683
Renaissance;Wanderer;244
Renaissance;Innocence;427
Renaissance;Kings And Queens;0
Curved Air;You Know;251
Curved Air;Jumbo;251
Curved Air;Back Street Luv;214
Curved Air;Young Mother;363
The Gathering;Probably Built in the Fifties;446
The Gathering;Locked Away;216
The Gathering;Illuminating;331
The Gathering;Travel;591
The Gathering;South American Ghost Ride;265
The Gathering;Marooned;348
The Gathering;The Big Sleep;337
The Gathering;Red Is a Slow Colour;386
The Gathering;Liberty Bell;361
The Gathering;My Electricity;203
The Gathering;Rescue Me;116
The Gathering;Great Ocean Road;379
The Gathering;Frail (You Might as Well Be Me);304
Led Zeppelin;The Ocean  (Working Mix);0
Led Zeppelin;No Quarter  (Rough Mix with JPJ Keyboard Overdubs - No Vocal);0
Led Zeppelin;Dancing Days  (Rough Mix with Vocal);0
Led Zeppelin;The Crunge  (Rough Mix - Keys Up);0
Led Zeppelin;Over the Hills and Far Away  (Guitar Mix Backing Track);0
Led Zeppelin;The Rain Song  (Mix Minus Piano);0
Led Zeppelin;The Song Remains the Same  (Guitar Overdub Reference Mix);0
Led Zeppelin;The Ocean;260
Led Zeppelin;No Quarter;1476
Led Zeppelin;D'yer Mak'er;261
Led Zeppelin;Dancing Days;221
Led Zeppelin;The Crunge;86
Led Zeppelin;Over the Hills and Far Away;441
Led Zeppelin;The Rain Song;539
Led Zeppelin;The Song Remains the Same;370
The Doors;Horse Latitudes;90
Pink Floyd;Seamus;134
Pink Floyd;San Tropez;214
Pink Floyd;Fearless;367
Pink Floyd;A Pillow of Winds;313
Pink Floyd;One of These Days;539
Pink Floyd;Comfortably Numb;462
Francesco Guccini;Canzone quasi d'amore;0
Francesco Guccini;Via Paolo Fabbri 43;0
Francesco Guccini;L'avvelenata;0
Nacha Pop & Antonio Vega;Cada uno su razón;0
Nacha Pop & Antonio Vega;Lo que tu y yo sabemos;0
Nacha Pop & Antonio Vega;Persiguiendo sombras;0
Nacha Pop & Antonio Vega;Asustado estoy;0
Nacha Pop & Antonio Vega;Sol del Caribe (Live);0
Nacha Pop & Antonio Vega;Lágrimas al suelo;0
Nacha Pop & Antonio Vega;Desordenada habitación;0
Nacha Pop & Antonio Vega;Si esto fuera amor;0
Nacha Pop & Antonio Vega;¿Quien soy?;0
Nacha Pop & Antonio Vega;Nuevo plan;0
Nacha Pop & Antonio Vega;Una décima de segundo (live);0
Nacha Pop & Antonio Vega;Lucha de gigantes;0
Nacha Pop & Antonio Vega;Puertas abiertas;0
Nacha Pop & Antonio Vega;Nadie puede parar (live);0
Nacha Pop & Antonio Vega;Relojes en la oscuridad;0
Nacha Pop & Antonio Vega;Grité una noche;0
Fabrizio De André;Canzone Per L'Estate;319
Fabrizio De André;Dolce luna;209
Fabrizio De André;Giugno '73;272
Fabrizio De André;Le Storie Di Ieri;195
Fabrizio De André;Nancy;242
Fabrizio De André;Oceano;190
Fabrizio De André;La Cattiva Strada;270
Fabrizio De André;Folaghe;178
Fabrizio De André;Parlando del naufragio della 'London Valour';0
Fabrizio De André;Zirichiltaggia;156
Fabrizio De André;Sally;288
Fabrizio De André;Avventura A Durango;292
Fabrizio De André;Tema di Rimini;111
Fabrizio De André;Andrea;330
Fabrizio De André;Coda Di Lupo;324
Fabrizio De André;Volta La Carta;243
Fabrizio De André;Rimini;247
Fabrizio De André;L'Infanzia Di Maria;299
Adriano Celentano;Spettabile Signore;182
Adriano Celentano;Se Non E' Amore;259
Adriano Celentano;Non Se Ne Parla Nemmeno;256
Adriano Celentano;Una Parola Non Ci Scappa Mai;221
Adriano Celentano;Il Tempo Se Ne Va;228
Adriano Celentano;Manifesto;276
Adriano Celentano;L'Orologio;284
Joaquin Sabina;19 Dias Y 500 Noches (Video Oficial);0
Adriano Celentano;Un Po' Artista Un Po' No;298
Sabicas;Bulerias;168
Sabicas;Flamenco Rock;373
Sabicas;Handclaps;31
Sabicas;Zambra;242
Sabicas;Zapateado;240
Sabicas;Joe's Tune;229
Sabicas;Inca Song;315
Vicente Amigo;El Mandaito (Buleria);0
Vicente Amigo;Limon De Nata (Rumba);261
Paco de Lucía;Llanos Del Real (Minera);218
Paco de Lucía;Rio Ancho (Rumba);271
Paco de Lucía;Plaza Alta (Soleá);372
Paco de Lucía;Ole (Jaleos);258
Paco de Lucía;A la Perla de Cadiz (Cantinas);0
Paco de Lucía;Cobre (Sevillanas);189
Paco de Lucía;Cueva del Gato (Rondena);0
Paco de Lucía;Almoraima (Bulerias);326
Riverside;The Same River;724
Led Zeppelin;Hats Off to (Roy) Harper;221
Led Zeppelin;Bron-Y-Aur Stomp;415
Led Zeppelin;Gallows Pole;296
Led Zeppelin;Since I've Been Loving You  (Rough Mix);0
Led Zeppelin;Celebration Day  (Alternate Mix);0
Led Zeppelin;Friends  (Track - No Vocal);0
Led Zeppelin;Key to the Highway / Trouble in Mind  (Rough Mix);0
Led Zeppelin;That's the Way;391
Led Zeppelin;Since I've Been Loving You;620
Led Zeppelin;Celebration Day;215
Led Zeppelin;Jennings Farm Blues  (Rough Mix);0
Led Zeppelin;Friends;233
Led Zeppelin;Out on the Tiles;1458
Led Zeppelin;Immigrant Song;145
Led Zeppelin;Whole Lotta Love  (Rough Mix with Vocal);0
Led Zeppelin;The Lemon Song;109
Led Zeppelin;Living Loving Maid (She's Just a Woman);159
Led Zeppelin;Ramble On;341
Led Zeppelin;What Is and What Should Never Be;305
Led Zeppelin;La La  (Backing Track);0
Led Zeppelin;Thank You  (Backing Track);0
Led Zeppelin;Heartbreaker  (Rough Mix with Vocal);0
Led Zeppelin;Ramble On  (Rough Mix with Vocal);0
Led Zeppelin;Living Loving Maid (She's Just a Woman)  (Backing Track);0
Led Zeppelin;Moby Dick  (Intro / Outro Rough Mix);0
Led Zeppelin;Moby Dick;1270
Led Zeppelin;Bring It on Home;555
Led Zeppelin;What Is And What Should Never Be  (rough Mix With Vocal);0
Led Zeppelin;Heartbreaker;254
Led Zeppelin;Thank You;447
Led Zeppelin;Whole Lotta Love;73
Ketama;Ke No;228
Ketama;Paren El Mundo;218
Ketama;Grito con el korazón;255
Ketama;Kanela Y Menta;250
Extremoduro;Dulce introducción al caos;462
Supertramp;Take the Long Way Home;278
Leño;Sí Señor, Sí Señor;164
Nomadi;Mercanti e servi;0
Estopa;A mí me gusta;219
Paco de Lucía;Entre dos aguas (1976) full video;0
Pink Floyd;Astronomy Domine;529
Pink Floyd;The Fletcher Memorial Home;251
El Arrebato;Cuando dijo adiós;252
Extremoduro;Buscando una Luna;251
Rosendo;Para Nada;0
99 Posse;Quello Che;252
Nomadi;Icaro;252
Aztec Camera;Head Is Happy (Heart's Insane);254
Leño;Maneras De Vivir;277
Ketama;Agustito;253
Nomadi;Michelina;250
Maná;Rayando el sol;250
Triana;del crepúsculo lento nacerá el rocío;354
Triana;Sr. Troncoso;218
Triana;necesito;248
Triana;Ya Está Bien;0
Triana;Recuerdos de Triana;172
Triana;sentimiento de amor;331
Triana;Rumor;202
Triana;Hijos del agobio;319
Modulos;Quisiera conseguir;280
Modulos;Juan;205
Modulos;En mis sueños;165
Modulos;El Sonido Del Silencio;506
Modulos;Quiero olvidar;228
Modulos;El Bandolero;228
Modulos;Sólo Tu;168
Modulos;Adiós Al Ayer;192
Modulos;Un Nuevo Día;277
Extremoduro;Estado Policial;235
Extremoduro;Papel Secante;296
Extremoduro;Ama, Ama, Ama y Ensancha el Alma;364
Extremoduro;Volando Solo;198
Extremoduro;Relación Convencional;180
Extremoduro;Deltoya;347
Extremoduro;Bulerías de la Sangre Caliente;217
Extremoduro;Con un Latido del Reloj;222
Extremoduro;Lucha Contigo;242
Extremoduro;última generación;0
Extremoduro;De Acero;224
Extremoduro;Sol de invierno;0
Manu Chao;El Viento;161
Manu Chao;La Despedida;189
Manu Chao;Minha Galera;142
Manu Chao;La Vie A;0
Manu Chao;Malegria;175
Manu Chao;Dia Lina... Dia Pena;0
Manu Chao;Welcome to Tijuana;242
Manu Chao;Por El Suelo;0
Manu Chao;Luna y Sol;0
Manu Chao;Mama Call;141
Manu Chao;Lagrimas de Oro;178
Manu Chao;Mentira...;277
Manu Chao;Je ne t'aime plus;280
Manu Chao;Bongo Bong;158
Manu Chao;Desaparecido;226
Manu Chao;Clandestino;140
Melendi;Arriba Extremoduro;191
Melendi;Echarte A Suertes;190
Melendi;Loco;211
Melendi;Porque Tu No Eres Un Coche;221
Melendi;Mesías de Vallecas;242
Melendi;Volantes Pa La Falda Mi Gitana;212
Melendi;Andadas;226
Melendi;Quiero Ser Feliz;219
Melendi;Mientras No Cueste Trabajo;171
Melendi;Calle La Pantomima;188
Melendi;Por Amarte Tanto;0
Melendi;Kisiera Yo Saber;212
Big Brother & The Holding Company;Magic of Love (Live);238
Big Brother & The Holding Company;Catch Me Daddy (Live);331
Big Brother & The Holding Company;Flower In the Sun (Previously Unissued);0
Big Brother & The Holding Company & Janis Joplin;Roadblock (Album Version);0
Big Brother & The Holding Company & Janis Joplin;Ball and Chain (Album Version);0
Big Brother & The Holding Company & Janis Joplin;Oh, Sweet Mary (Album Version);0
Big Brother & The Holding Company & Janis Joplin;Turtle Blues (Album Version);0
Janis Joplin & Big Brother & the Holding Company;Piece Of My Heart (Album version);0
Janis Joplin & Big Brother & the Holding Company;Summertime (Album Version);0
Ketama;Soledad;171
Ketama;El Lago;225
Ketama;Tan Lejos;203
Ketama;Miéteme;0
Ketama;K' Cha Chá;232
Ketama;Así me siento;276
Janis Joplin;Get It While You Can;217
Janis Joplin;Trust Me;197
Janis Joplin;Mercedes Benz;105
Janis Joplin;Me & Bobby McGee;271
Janis Joplin;My Baby;247
Janis Joplin;Buried Alive in the Blues;143
Janis Joplin;Half Moon;240
Janis Joplin;A Woman Left Lonely;212
Janis Joplin;Cry Baby;238
Janis Joplin;Move Over;258
Estopa;Bossanova;192
Estopa;Cacho A Cacho;155
Estopa;Me Falta El Aliento;220
Estopa;La Raja De Tu Falda;202
Estopa;Tu Calorro;190
Extremoduro;¡Qué borde era mi valle!;234
Extremoduro;Entre interiores;246
Extremoduro;Locura transitoria;494
Pink Floyd;Bike;204
Pink Floyd;The Scarecrow;127
Pink Floyd;Chapter 24;222
Pink Floyd;The Gnome;131
Pink Floyd;Interstellar Overdrive;1126
Pink Floyd;Take Up Thy Stethoscope and Walk;185
Pink Floyd;Pow R. Toc H.;266
Pink Floyd;Flaming;162
Pink Floyd;Matilda Mother;200
Pink Floyd;Lucifer Sam;187
ROSALÍA;Berghain (Official Video) feat. Björk & Yves Tumor;0
Fabrizio De André;Valzer Per Un Amore;226
Fabrizio De André;Delitto Di Paese;234
Fabrizio De André;Giovanna D'Arco;287
Fabrizio De André;La Città Vecchia;200
Fabrizio De André;Canzone Dell'Amore Perduto;199
Fabrizio De André;Morire Per Delle Idee;263
Fabrizio De André;Suzanne;209
Fabrizio De André;Ballata Dell'Amore Cieco;182
Fabrizio De André;Fila La Lana;139
Fabrizio De André;Le passanti;230
Fabrizio De André;Via della poverta' (Desolation Row);0
Fabrizio De André;Smisurata Preghiera;473
Fabrizio De André;Ho Visto Nina Volare;238
Fabrizio De André;A Cùmba;233
Fabrizio De André;Disamistade;313
Fabrizio De André;Le Acciughe Fanno Il Pallone;261
Fabrizio De André;Dolcenera;306
Fabrizio De André;Anime Salve;323
Fabrizio De André;Khorakhane (A Forza Di Essere Vento);0
Fabrizio De André;Princesa;298
Fabrizio De André;Carlo Martello Ritorna Dalla Battaglia Di Poitiers;318
Fabrizio De André;La Morte;139
Fabrizio De André;Bocca Di Rosa;280
Fabrizio De André;La Stagione Del Tuo Amore;181
Fabrizio De André;Via Del Campo;155
Fabrizio De André;La Canzone Di Barbara;136
Fabrizio De André;Si Chiamava Gesù;186
Fabrizio De André;Spiritual;153
Fabrizio De André;Marcia Nuziale;186
Fabrizio De André;Preghiera In Gennaio;210
Triana;Recuerdos de Una Noche (En Directo);284
Nomadi;Suoni;179
Extremoduro;Poema sobrecogido;0
Extremoduro;Pequeño rocanrol endémico;0
Extremoduro;Mi Voluntad;0
Extremoduro;Mama;369
Riverside;Left Out;659
Riverside;Escalator Shrine;761
Extremoduro;El día de la bestia;284
Extremoduro;El camino de las utopías;450
Riverside;Afloat;191
The Doors;Not to Touch the Earth;234
The Doors;Love Street;171
The Doors;Hello, I Love You;133
The Doors;Maggie M'Gill;264
The Doors;Indian Summer;153
The Doors;Queen of the Highway;167
The Doors;The Spy;255
The Doors;Land Ho!;248
The Doors;Ship of Fools;186
The Doors;Blue Sunday;128
The Doors;You Make Me Real;172
The Doors;Waiting for the Sun;238
Jim Morrison;Roadhouse Blues;244
Godspeed You! Black Emperor;A Military Alphabet (five eyes all blind) (4521.0kHz 6730.0kHz 4109.09kHz) / Job's Lament / First of the Last Glaciers / where we break how we shine (ROCKETS FOR MARY);1222
Kreator;Sergio Corbucci Is Dead;0
Riverside;Friend or Foe?;448
Riverside;Forgotten Land;0
Riverside;Where the River Flows;654
Riverside;Living In The Past;718
Riverside;Goodbye Sweet Innocence;640
Riverside;The Piece Reflecting the Mental State of One of the Members of Our Band;184
Riverside;Stuck Between;283
Riverside;The Time I Was Daydreaming;293
Riverside;Dna ts. Redum or F. Raf;0
Riverside;Acronym Love;284
Riverside;Us;153
Riverside;Together Again;388
Riverside;Age of Anger;716
Riverside;Self-Aware;329
Riverside;I'm Done with You;351
Riverside;The Place Where I Belong;796
Riverside;Post-Truth;0
Riverside;Big Tech Brother;443
Riverside;Landmine Blast;290
Riverside;Wasteland (live intro);540
Riverside;Return;410
Riverside;Heavenland;299
Riverside;Found (The Unexpected Flaw of Searching);243
Riverside;Time Travellers;319
Riverside;Towards the Blue Horizon;489
Riverside;Discard Your Fear;404
Riverside;Saturate Me;442
Riverside;Caterpillar and the Barbed Wire;416
Riverside;#Addicted;292
Riverside;Under the Pillow;407
Riverside;Lost (Why Should I Be Frightened by a Hat?);352
Riverside;Night Session - Part Two;692
Riverside;Night Session - Part One;645
Riverside;Coda;99
Riverside;Deprived (Irretrievably Lost Imagination);506
Riverside;Feel Like Falling;327
Riverside;We Got Used to Us;250
Riverside;Celebrity Touch;407
Riverside;The Depth of Self-Delusion;459
Riverside;New Generation Slave;257
Riverside;Hybrid Times;714
Riverside;Egoist Hedonist;537
Riverside;Driven to Destruction;426
Riverside;Hyperactive;329
Riverside;Lucid Dream IV [bonus track];0
Riverside;Ultimate Trip;793
Riverside;Cybernetic Pillow;286
Riverside;Embryonic;250
Riverside;Through the Other Side;245
Riverside;Parasomnia;474
Riverside;Schizophrenic Prayer;261
Riverside;02 Panic Room;287
Riverside;Rainbow Box;217
Riverside;Beyond the Eyelids;476
Riverside;Before;353
Riverside;Dance With the Shadow;698
Riverside;Reality Dream III;301
Riverside;I Turned You Down;274
Riverside;Artificial Smile;327
Riverside;Second Life Syndrome;940
Riverside;Conceiving You;220
Riverside;Volte-Face;521
Riverside;After;205
Riverside;OK;287
Riverside;The Curtain Falls;479
Riverside;In Two Minds;278
Riverside;Reality Dream II;285
Riverside;Loose Heart;290
Riverside;Reality Dream;376
Riverside;I Believe;254
Riverside;Out of Myself;227
King Gizzard & The Lizard Wizard;Sam Cherry's Last Shot;169
Estopa;Luna Lunera;226
Riverside;Story of My Dream;347
Riverside;Eye of the Soundscape;690
Aztec Camera;Stray;0
Rosendo;Manifiesta Deprimente;156
Dead Kennedys;When Ya Get Drafted;91
Godspeed You! Black Emperor;ii. Babys In A Thundercloud;0
Melendi;Una historia de tantas;223
Leño;Como Debe De Ser;140
Melendi;Trae pa'k esa yerba buena;0
Nacha Pop & Antonio Vega;No se acaban las calles;0
Godspeed You! Black Emperor;vi. Grey Rubble – Green Shoots;0
Metallica;One;420
Dead Kennedys;I Kill Children;138
Estopa;Penas Con Rumba;190
Aztec Camera;Let Your Love Decide  [Ronnie Scott's Club, London, 23-06-91];0
Dead Kennedys;Bleed for Me;204
R.E.M.;Animal;297
Elektroduendes;La Celda De La Tortura;167
Estopa;Apagón;185
Leño;No Lo Entiendo;211
Aztec Camera;Sister Ann;313
Metallica;Battery;288
99 Posse;Sient' O Fank;206
Inhaler;Strange Time to Be Alive;64
Janis Joplin;As Good as You've Been to This World;412
Estopa;Gulere Gulere;207
Héroes del Silencio;Babel;264
The Doors;Shaman's Blues;285
Aztec Camera;Jump;0
Héroes del Silencio;Héroe De Leyenda (Versión Maxi);301
Estopa;Pesadilla;617
Leño;Entre Las Cejas;234
Fabrizio De André;Sinan capudan pascia;210
God's Pee;Their Helicopters' Sing;390
Aztec Camera;Just Like The USA  [Sala Apolo, Barcelona, 5-05-92];0
Modulos;Todo Tiene Su Fin;306
Héroes del Silencio;Opio (En Directo);353
Riverside;Schizophrenic Prayer (remix);214
Angelus Apatrida;Cold (OFFICIAL VIDEO);0
Amy Winehouse;You Know I'm No Good;259
Aztec Camera;The Back Door To Heaven;322
Fabrizio De André;Il Suonatore Jones;267
Aztec Camera;Release;221
Héroes del Silencio;Fuente Esperanza (Nueva Mezcla);280
Riverside;02 Panic Room [remix] [bonus track];0
Leño;Calendario;209
Estopa;La Matraca (Bonus Track) (Maqueta);0
Aztec Camera;Notting Hill Blues;401
Estopa;Vacilón;206
Héroes del Silencio;Medicina Húmeda;181
KRS-One;The Jam [The Bridge Remix];0
Nomadi;Aiutala;220
Bon Jovi;This Is Love This Is Life;0
Riverside;Back to the River [bonus track];0
Aztec Camera;Just Like the USA;243
Bon Jovi;Have a Nice Day;228
Melendi;Mi rumbita pa' tus pies;194
Aztec Camera;Method of Love;263
Jarabe de Palo;Yin yang;193
Leño;Apágalas;151
Estopa;Vientos De Tormenta (Bonus Track) (Maqueta);0
Aztec Camera;Rainy Season  [Phoenix Festival, Long Marston, 14-07-95];0
Estopa;Nínguna Parte;0
Aztec Camera;The Bugle Sounds Again  [The Dominion Theatre, London, 16-10-84];0
Héroes del Silencio;Decadencia (en directo);491
Aztec Camera;The Birth Of The True  [The Dominion Theatre, London, 16-10-84];0
Nacha Pop & Antonio Vega;Lo mejor de nuestra vida;0
Aztec Camera;Deep And Wide And Tall  [Breakdown Mix];0
Dead Kennedys;California Über Alles;227
Amy Winehouse;Take the Box;199
Héroes del Silencio;Bendecida;358
Janis Joplin;Kozmic Blues;264
Aztec Camera;All I Need Is Everything  [Latin Mix];0
Jarabe de Palo;Dueño De Mi Silencio;207
Inhaler;Totally;236
R.E.M.;What's the Frequency, Kenneth?;240
Estopa;Fuente de energía;0
Riverside;Rainbow Trip (2016 Mix);379
Leño;Mientras Tanto;256
R.E.M.;Electrolite;258
Aztec Camera;Vertigo;294
Leño;Sodoma Y Chabola;250
Maná;Refrigerador;229
R.E.M.;Bad Day;245
Riverside;02 Panic Room (acoustic);205
Aztec Camera;Killermont Street;197
The Future Kings of England;The Cold Hard Truth;96
R.E.M.;Losing My Religion;272
Janis Joplin;One Good Man;249
Aztec Camera;More Than A Law;283
Estopa;Hemicraneal (Bonus Track) (Maqueta);0
Metallica;Creeping Death;426
Modulos;dulces palabras;246
Aztec Camera;Valium Summer;353
Elektroduendes;Makiladoras;164
Bon Jovi;I'll Be There For You;316
Nick Cave & the Bad Seeds;Wonderful Life;409
Héroes del Silencio;Bendecida 2;36
The Rolling Stones;Get Off My Cloud;190
Héroes del Silencio;Tumbas De Sal;272
Nacha Pop & Antonio Vega;Elixir de juventud;0
The Future Kings of England;Children of the Crown;552
God's Pee;mladic;1199
Estopa;Desenpolvando;0
Bon Jovi;Wanted Dead or Alive;307
Rosendo;Bajo Cuerda;0
Metallica;Master of Puppets;199
Jarabe de Palo;Quitame la Vida;196
Aztec Camera;How Men Are;219
Leño;Castigo;625
Riverside;Machines;233
Aztec Camera;Let Your Love Decide;303
Estopa;Me quedaré;197
The Future Kings of England;Mustard Men;432
Riverside;The Day After;108
Janis Joplin;Work Me, Lord;396
Rosendo;Nada Especial;0
Aztec Camera;Spanish Horses;256
Estopa;Lunes;182
Estopa;Tanta Tinta Tonta;193
Bon Jovi;Bad Medicine;340
Amy Winehouse;Wake Up Alone;222
R.E.M.;Nightswimming;249
Bon Jovi;In And Out Of Love;463
Riverside;Sleepwalkers;439
Héroes del Silencio;Virus;273
Bon Jovi;Always;353
Estopa;Rumba Sin Nombre;204
Sabicas;Sentimiento (Serrana);203
Pink Floyd;Lost for Words;310
Estopa;Estrella Fugaz;220
Héroes del Silencio;Hace Tiempo;314
Estopa;Monstruos;197
Dead Kennedys;Funland at the Beach;116
Héroes del Silencio;Avalancha;355
Anti-Flag;Depleted Uranium Is a War Crime;249
Riverside;The Struggle for Survival;572
Aztec Camera;Working in a Goldmine;343
Héroes del Silencio;La Sirena Varada;254
Rosendo;Flojos de Pantalón;326
Aztec Camera;Dream Sweet Dreams;208
Michael Rose;Shine Eye Gal;269
God's Pee;We Drift Like Worried Fire;1207
Riverside;Vale of Tears;289
Amy Winehouse;Me & Mr Jones;151
Estopa;No quiero verla más;201
Héroes del Silencio;Opio;377
El Arrebato;No me preguntes;212
Estopa;Estatua de Sal;203
Bon Jovi;Runaway;231
Nick Cave & the Bad Seeds;He Wants You;211
Estopa;Vacacíones;0
Julie Walters Feels 50 Cent’s Tongue;The Graham Norton Show;0
Aztec Camera;Oblivious;190
Inhaler;Who's Your Money On? (Plastic House);382
Inhaler;When It Breaks;222
Inhaler;My King Will Be Kind;292
Inhaler;Cheer Up Baby;225
Inhaler;Slide Out the Window;275
Inhaler;My Honest Face;272
Inhaler;It Won't Always Be Like This;244
Extremoduro;So payaso;281
Extremoduro;sucede;186
Extremoduro;Prometeo;209
Extremoduro;Manué IV;0
Roger Waters the wall;Special Appearance by David Gilmour, O2, London - May 12, 2011 Offical video;0
Rondò Veneziano;La Serenissima;138
¡Hackeando el Amor en Corazón de Melón!;Cómo Dominar el Juego con Python;0
Nadal015;STREET SHARK;0
Extremoduro;Quemando tus recuerdos (tema extra);0
Fabrizio De André;Canzone del maggio;144
The Stranglers;How to Find True Love and Happiness in the Present Day;187
The Stranglers;Golden Brown;208
The Stranglers;It Only Takes Two to Tango;222
The Stranglers;Pin Up;170
The Stranglers;The Man They Love to Hate;285
The Stranglers;Ain't Nothin' to It;238
The Stranglers;Let Me Introduce You to the Family;190
The Stranglers;Tramp;175
The Stranglers;Everybody Loves You When You're Dead;162
The Stranglers;Non Stop;150
The Doors;Peace Frog;172
The Doors;Five to One;276
The Doors;Yes, the River Knows;155
The Doors;We Could Be So Good Together;140
The Doors;My Wild Love;170
The Doors;Spanish Caravan;178
The Doors;The Unknown Soldier;293
The Doors;Wintertime Love;112
The Doors;Summer's Almost Gone;200
Estopa;Estopa;215
Estopa;Exiliado En El Lavabo;195
Estopa;Como Camarón;202
Estopa;El Del Medio De Los Chichos;228
Estopa;Suma Y Sigue;194
Estopa;Poquito A Poco;182
Estopa;Tan sólo;269
Estopa;Ojitos Rojos (en directo);267
Estopa;Mi Primera Cana;96
Estopa;Partiendo La Pana;237
Estopa;Ké Pasa!?;197
Estopa;Veulvo al las andadas;0
Estopa;Nasío pa' la alegría;0
Estopa;Te Vi Te Vi;248
Estopa;El Blade;192
Estopa;Jardín Del Olvido;0
Estopa;Demonios;223
Estopa;Destrangis In The Night;207
Paco de Lucía;Concierto de Aranjuez 1991;0
Nino Bravo;Un Beso Y Una Flor (Letra);0
Pedro Suarez Vertiz;Un vino una cerveza (Video Oficial);0
Roger Waters;The Wall Live In Berlin 1990 (Full Concert);0
Gino Paoli;Il Cielo in Una Stanza;127
Arena Hash;Cómo Te Va Mi Amor;339
Arena Hash;A Ese Infierno No Voy a Volver;203
Arena Hash;Volar Volar;191
Arena Hash;Muciélago Rodrigo;200
Arena Hash;Quiero Vivir Talvez Sin Amor;182
Arena Hash;Bésame;225
Arena Hash;El Rey Del Ah Ah Ah;227
Arena Hash;El túnel del bus;271
Arena Hash;Materialismo Sexual;226
Arena Hash;Y Es Que Sucede Así;230
Arena Hash;Rompeorejas;222
Arena Hash;De Ti Me Va Quedando Nada;219
Arena Hash;Mueve lo que puedas;214
Arena Hash;Frustrado Emocional;248
Arena Hash;Escondeme;0
Arena Hash;03 Arena Hash - Me Resfrie En Brasil;0
Arena Hash;02 Arena Hash - No Cambiare;0
Arena Hash;01 Arena Hash - Kangrejo Sacudia;0
Pink Floyd;Take It Back;393
Pink Floyd;Wearing the Inside Out;545
Pink Floyd;A Great Day for Freedom;261
Pink Floyd;Marooned;122
Pink Floyd;Poles Apart;447
Pink Floyd;What Do You Want From Me;279
Pink Floyd;Cluster One;257
Fabrizio De André;Ave Maria;329
Pink Floyd;On the Turning Away;438
Pink Floyd;One Slip;278
Pink Floyd;The Dogs of War;362
Pink Floyd;Learning to Fly;292
Pink Floyd;Signs of Life;237
Godspeed You Black Emperor!;"Storm (Lift Yr. Skinny Fists Like Antennas To Heaven...; Gathering Storm; ''Welcome To Barco AM/PM...'' [L.A.X.; 5/14/00]; Cancer Towers On Holy Road Hi-Way)";0
The Steel Crows;Isolation;241
The Steel Crows;The Place Where No One Can Hear You Scream;182
The Steel Crows;Take Me Back Again;282
The Steel Crows;Straight Shooting Man;249
The Steel Crows;Jenny;216
Fabrizio De André;Amico Fragile;566
Francesco Guccini;Il pensionato;274
Sabicas;Farruca;221
Fabrizio De André;Quello che non ho;306
Bon Jovi;Blood On Blood;349
Fabrizio De André;Un malato di cuore;232
God's Pee;Strung Like Lights At Thee Printemps Erable;391
R.E.M.;All the Way to Reno;262
Godspeed You! Black Emperor;''Motherfucker=Redeemer'';0
Godspeed You! Black Emperor;Fire at Static Valley;458
Héroes del Silencio;Rueda, Fortuna!;249
Modulos;Sуlo Tú;0
Leño;Este Madrid;348
Patra;Ice Cream Love;0
Melendi;Con La Luna Llena;0
Metallica;Sad but True;506
99 Posse;Bon Voyage;310
Héroes del Silencio;Hechizo (En directo);192
Estopa;Fin De Semana;179
Jeanette;Seguire Amando;181
Jeanette;Te esperaré;166
Melendi;Moratalá [*];0
Héroes del Silencio;Sangre Hirviendo;318
Fabrizio De André;Un Giudice;217
Héroes del Silencio;El Estanque;256
Dead Kennedys;Terminal Preppie;97
System of a Down;Lonely Day (Official HD Video);0
Godspeed You! Black Emperor;Anthem for No State;1385
Godspeed You! Black Emperor;Fam / Famine;0
Godspeed You! Black Emperor;Bosses Hang;914
Godspeed You! Black Emperor;Undoing a Luciferian Towers;467
El Arrebato;La desagradecida;220
Black Sabbath;Paranoid;167
Anti-Flag;The Press Corpse;201
Leño;¡Corre, Corre!;205
Leño;Sin Solución;187
Leño;Insisto;198
99 Posse;Lettera Al Presidente;269
99 Posse;Me Siente?;254
99 Posse;Corto Circuito;310
99 Posse;Buongiorno;302
Scorpions;Still Loving You;387
Scorpions;Crossfire;276
Scorpions;As Soon as the Good Times Roll;303
Scorpions;Big City Nights;360
Scorpions;The Same Thrill;211
Scorpions;Coming Home;248
Scorpions;I'm Leaving You;221
Scorpions;Rock You Like a Hurricane;252
Supertramp;Child of Vision;438
The Stranglers;La Folie;368
Héroes del Silencio;Sal;20
Black Sabbath;Wicked World (Live) (Bonus);0
Black Sabbath;Fairies Wear Boots;413
Black Sabbath;Rat Salad;105
Black Sabbath;Hand of Doom;414
Black Sabbath;War Pigs;496
The Steel Crows;California Sunshine;198
The Steel Crows;Nothingness;281
The Steel Crows;Fight Of Our Lives;216
Fabrizio De André;Terzo Intermezzo;131
Fabrizio De André;Nella Mia Ora Di Libertà;309
Fabrizio De André;Verranno A Chiederti Del Nostro Amore;306
Fabrizio De André;Il Bombarolo;0
Fabrizio De André;La Canzone Del Padre;313
Fabrizio De André;Sogno Numero Due;192
Fabrizio De André;Al Ballo Mascherato;316
Fabrizio De André;La Bomba In Testa;239
Fabrizio De André;Introduzione;102
Jarabe de Palo;Grita;212
Jarabe de Palo;La Flaca;261
Jarabe de Palo;La Flaca [Acústica];0
Estopa;El Run Run;217
The Rolling Stones;Jumpin' Jack Flash;219
Estopa;Mundo Marrón;218
Francesco Guccini;Via Paolo Fabbri 43 (Remastered 2007);487
Francesco Guccini;L'Avvelenata (Remastered 2007);273
Francesco Guccini;Canzone Di Notte N.2 (Remastered 2007);292
Francesco Guccini;Piccola Storia Ignobile (2007 Digital Remaster);0
Extremoduro;Coda Flamenca (Otra Realidad);377
Extremoduro;Cuarto Movimiento: La Realidad;349
Extremoduro;Tercer Movimiento: Lo de Dentro;456
Extremoduro;Segundo Movimiento: Lo de Fuera;703
Extremoduro;Primer movimiento: el sueño;363
Big Brother & The Holding Company & Janis Joplin;I Need a Man to Love (Album Version);0
Big Brother & The Holding Company & Janis Joplin;Combination of the Two (Album Version);0
Black Sabbath;Iron Man;356
Black Sabbath;Planet Caravan;269
Black Sabbath;Electric Funeral;203
Agapito Marazuela;Entradilla castellana;0
Rolando Alarcón - Topic;Viva la Quinta Brigada;0
Extremoduro;Sucede (nueva mezcla 2004);0
Extremoduro;Me Estoy Quitando;132
Extremoduro;La Carrera;135
Extremoduro;Correcaminos Estate Al Loro;153
Extremoduro;Todos Me Dicen;251
Extremoduro;ábreme el pecho y registra;0
Extremoduro;Cabezabajo;220
Extremoduro;¡Qué Sonrisa Tan Rara!;196
Extremoduro;Tomás;88
Godspeed You! Black Emperor;''Rockets Fall On Rocket Falls.'';0
Godspeed You! Black Emperor;''09-15-00'';0
Chevelle Franklin;Mr. Loverman;0
Godspeed You! Black Emperor;'providence';0
Godspeed You Black Emperor!;"'East Hastings' (''...Nothing's Alrite In Our Life''/Deadflagblues (Reprise); The Sad Mafioso...; Drugs In Tokyo/Black Helicopter)";0
Godspeed You Black Emperor!;"'The Dead Flag Blues' (The Dead Flag Blues (Intro); Slow Moving Trains; The Cowboy...; (;outro)+ # ')";
Anti-Flag;State Funeral;121
Anti-Flag;1 Trillion Dollar$;150
Anti-Flag;This Is the End (For You My Friend);190
Godspeed You! Black Emperor;The Dead Flag Blues;987
Extremoduro;Islero, Shirlero o Ladrón;259
Extremoduro;Posado en un Nenúfar;142
Extremoduro;Malos Pensamientos;194
Extremoduro;Bribribibli;0
Extremoduro;Estoy Muy Bien;211
Extremoduro;Pepe Botika;250
Extremoduro;Sin Dios Ni Amo;230
Extremoduro;No Me Calientes, Que Me Hundo;172
Extremoduro;El Duende del Parque;260
Fabrizio De André;A pittima;223
Cocoa Tea;Pirates' Anthem;0
Vicente Amigo;Querido Methey (con Paco De Lucia);0
Tomatito;Pa Salinas  (rumba);0
Nacha Pop & Antonio Vega;Sentado al borde de ti;0
Jarabe de Palo;No Suelo Compararme;183
Dead Kennedys;Kill the Poor;207
Nacha Pop & Antonio Vega;La chica de ayer (Live);0
Modulos;Noche De Amor;373
Metallica;Of Wolf and Man;293
Rosendo;Cosita;169
Extremoduro;Historias prohibidas (versión 2004);0
Leño;¡Qué desilusión!;0
Dead Kennedys;Trust Your Mechanic;175
Leño;Cucarachas;198
The Doors;The Soft Parade;520
Nomadi;Per Fare un Uomo;171
Fabrizio De André;A Dumenega;218
Metallica;Harvester of Sorrow;408
Jarabe de Palo;El Bosque De Palo;211
Estopa;Necesito medicación;210
Siniestro Total;La rabia de vivir;119
Estopa;Pastillas Para Dormir;195
Anti-Flag;Hymn For the Dead;219
Anti-Flag;The Project For a New American Century;197
Anti-Flag;Emigre;179
Anti-Flag;I'd Tell You But...;130
Héroes del Silencio;Sal - Senda;0
Dire Straits;My Parties;328
Dire Straits;Iron Hand;188
Dire Straits;Heavy Fuel;284
Rosendo;Buenas Noches;148
Rosendo;Crucifixión;196
Rosendo;Pan De Higo;186
Rosendo;Me Gusta Así;265
Rosendo;Loco Por Incordiar;214
Rosendo;Callejones;299
Rosendo;...Y Dale;278
Rosendo;Corazón;212
Rosendo;Agradecido;275
Izi;Fumo da solo TESTO;0
Estopa;Mañanitas 2.0;249
Jarabe de Palo;Cambia la piel;349
Nacha Pop & Antonio Vega;Anatomía de una ola;0
Fabrizio De André;Jamin-A;145
Nick Cave & the Bad Seeds;She Passed by My Window;200
Rosendo;Sufrido;0
Leño;¿Dónde Está La Salvación?;239
Jarabe de Palo;Como peces en el agua;234
Maná;Me voy a convertir en un ave;301
Estopa;Ya No Me Acuerdo;170
Maná;Chaman;311
Fabrizio De André;Se Ti Tagliassero A Pezzetti;299
Nick Cave & the Bad Seeds;Right Out of Your Hand;315
Kreator;Hate Über Alles;228
Dead Kennedys;Forest Fire;169
R.E.M.;At My Most Beautiful;215
Nomadi;Il Paese Delle Favole;0
The Rolling Stones;Mother's Little Helper;167
Jeanette;oi tu voz;0
Nacha Pop & Antonio Vega;Océano de sol;0
Fabrizio De André;Laudate Hominem;53
Fabrizio De André;Tre Madri;173
Modulos;Luz Errante;186
Estopa;Fábricas de sueños;0
Fabrizio De André;Creuza De Ma;366
2021 Remaster;While My Guitar Gently Weeps;0
Extremoduro;Pepe Botika (versión 2004);237
Melendi;El Informe Del Forense;196
Leño;El Tren;372
The Rolling Stones;Dandelion;212
La La Land;Mia & Sebastian's Theme - Accurate Piano Tutorial with Sheet Music;0
Runaway;Kanye West;0
Elektroduendes;Trankilos Y Seguros;165
Elektroduendes;Armas De Destrucción;233
Elektroduendes;Tras La Alambrada;146
Elektroduendes;Te Vigilan;252
Elektroduendes;Salgo A La Calle;252
Elektroduendes;Al Otro Lado;172
The Stranglers;Cruel Garden;139
Metallica;Orion;579
Leño;La Nana;478
Leño;Sorprendente;248
Nacha Pop & Antonio Vega;Angel caído;0
Dead Kennedys;Hyperactive Child;37
Estopa;Cuando Amanece;202
Nacha Pop & Antonio Vega;Ahora se que mis amigos;0
Siniestro Total;Vuelvo hacia el hogar;200
El Arrebato;Duele;273
Maná;Maeo;238
Leño;¡Que Tire La Toalla!;243
Modulos;Hello, Goodbye!;285
Metallica;Don't Tread on Me;225
Leño;Lo Que Acabas De Elegir;142
Dead Kennedys;Well Paid Scientist;142
Leño;No Se Vende El Rock & Roll;190
Nacha Pop & Antonio Vega;Esperando nada;0
Dead Kennedys;Government Flu;117
Jeanette;soy feliz;0
Leño;La Noche De Que Te Hablé;165
Nomadi;È giorno ancora;0
Nomadi;Per Quando É Tardi;0
Metallica;The Unforgiven;501
Janet Jackson;Luv Me Luv Me;0
Maná;Falta amor;252
Maná;Buscandola;249
Rosendo;Sumisión;186
Dead Kennedys;Kepone Factory;78
Jeanette;Me olvidarás;130
The Doors;Do It;181
Nacha Pop & Antonio Vega;El sitio de mi recreo;0
Jeanette;Blamin's Not Hard To Do;0
Metallica;Wherever I May Roam;450
Shaggy;Something Different;271
Metallica;The Four Horsemen;283
Jeanette;Porque Te Vas;203
Bon Jovi;You Give Love a Bad Name;223
Rosendo;Masculino singular;243
Estopa;Se Me Olvida la Vida;223
Nacha Pop & Antonio Vega;Sácame;0
Estopa;Pastillas De Freno;206
Fabrizio De André;Un Chimico;181
Johnny Gill;Slow and Sexy;0
I Nomadi;La Devianza (2007 Remaster);0
Janis Joplin;Little Girl Blue;208
Sabicas;Rumbo a la Fiesta (Bulerias);171
99 Posse;Nell'Era Della Confusione Semiotica;282
SAVE ONE SONG;Rock vs. Metal;0
99 Posse;Pagherete Caro (Pezzo Contro La Lega);0
99 Posse;Focolaio;228
99 Posse;Vulesse;313
J.C. Lodge;Telephone Love;230
Dead Kennedys;Holiday in Cambodia;271
Paco de Lucía Reaction;Entre dos aguas  - First Time Hearing - Requested;0
Jarabe de Palo;En conexión;219
Nacha Pop & Antonio Vega;Vistete;0
Nick Cave & the Bad Seeds;There Is a Town;299
Nick Cave & the Bad Seeds;Rock of Gibraltar;180
Nick Cave & the Bad Seeds;Dead Man in My Bed;281
Amy Winehouse;Help Yourself;301
Amy Winehouse;You Sent Me Flying;353
Kreator;Dying Planet;0
Kreator;Pride Comes Before the Fall;0
Kreator;Demonic Future;0
Kreator;Midnight Sun;218
Kreator;Conquer and Destroy;0
Kreator;Become Immortal;0
Kreator;Strongest of the Strong;249
Kreator;Crush the Tyrants;0
Kreator;Killer of Jesus;0
I Nomadi;Vola (Remaster 1994);0
I Nomadi;Tutto Passa (Remaster 1994);0
I Nomadi;Non Dimenticarti Di Me (Remaster 1994);0
I Nomadi;Vai Via, Cosa Vuoi (All The Love In World) (Remaster 1994);0
I Nomadi;Un Pugno Di Sabbia (Remaster 1994);0
I Nomadi;Mille E Una Sera (Remaster 1994);0
I Nomadi;Mai Come Lei Nessuna (Run To The Sun) (Remaster 1994);0
I Nomadi;Il Nome Di Lei (Gotta See Jane) (Remaster 1994);0
I Nomadi;So Che Mi Perdonerai (Remaster 1994);0
I Nomadi;Beautiful Day (Remaster 1994);0
Tomatito;Al Mariyya (bulerias);203
Sabicas;Apreganao Me Tienes (Seguidilla);0
Sabicas;Jardines de Huelva (Fandango);244
Sabicas;Llanto Minero (Rondena);298
Sabicas;Puerto Santa Maria (Alegrias);200
Sabicas;Patio De Los Leones (Granadina);226
Sabicas;La Farruca De Las Tres Gitarras;0
Sabicas;El Pillallo (Malaguene);0
Sabicas;Dolor Gitano (Taranta);267
Vicente Amigo;De Blanco y Oro (Tanguillo);276
The Rolling Stones;Paint It Black;231
Vicente Amigo;Sierra Del Agua (Rondena);0
Vicente Amigo;Vivencias Imaginadas;341
Vicente Amigo;Mensaje (Fandangos);303
Vicente Amigo;Ventanas Al Alma;332
Miles Davis;Mystery (reprise);89
Miles Davis;Duke Booty;295
Miles Davis;Fantasy;275
Miles Davis;Sonya;332
Miles Davis;Blow;307
Miles Davis;High Speed Chase;281
Miles Davis;Chocolate Chip;278
Miles Davis;The Doo-Bop Song;302
Miles Davis;Mystery;236
The Rolling Stones;Doncha Bother Me;155
The Rolling Stones;Under My Thumb;361
The Rolling Stones;Lady Jane (Mono Version);189
The Rolling Stones;Stupid Girl;172
Nomadi;Gli aironi neri;277
Nomadi;I Ragazzi Dell'Olivo;164
🍁 Estoy entre un niña y el hachís 🍁;Ferran Tomas;0
Nomadi;Ma Noi No!;286
Nomadi;Il Pilota di Hiroshima;193
Nomadi;Gordon;259
Nomadi;Il vecchio e il bambino;333
Nomadi;Tutto a posto;207
Nomadi;Un Giorno Insieme;200
Nomadi;Crescerai;214
Nomadi;Io Vagabondo (Che Non Sono Altro);193
Nomadi;Ho difeso il mio amore (Nights In White Satin);276
Nomadi;Dio è morto;163
Nomadi;Noi Non Ci Saremo;159
Nomadi;Come potete giudicar;215
I Nomadi;"La Collina (2007 - Remaster;)";0
I Nomadi;"Piccola Città (2007 - Remaster;)";0
Nomadi;Canzone Della Bambina Portoghese (2007 Remaster);
I Nomadi;"L'Isola Non Trovata (2007 - Remaster;)";0
I Nomadi;"Asia (2007 - Remaster;)";0
I Nomadi;Il Vecchio E Il Bambino (2007 Remaster);0
Nomadi;I Gatti Randagi;195
Nomadi;Rosso;268
Nomadi;Il Fiume;285
Nomadi;Gira;205
Nomadi;Senza patria;400
Nomadi;Salvador (15 Anni Dopo);183
Nomadi;Sara' Come Il Tempo Vuole;284
Nomadi;Costa Dell'Est;175
Nomadi;Estate;152
Nomadi;Canzone D'Amore;205
Nomadi;Marta;145
Nomadi;Voglia D'Inverno;191
Nomadi;Storie di Mare;223
Nomadi;Origini;237
Nomadi;Ed Io;233
Nomadi;Rebecca (Un Gioco Di Società) (1994 Digital Remaster);
Nomadi;Non Credevi;232
Nomadi;Luisa (1994 Digital Remaster);
Nomadi;La Mia Canzone Per Gli Amici;272
I Nomadi;Joe Mitraglia (Remaster 1994);0
I Nomadi;Naracauli (Remaster 1994);0
Fabrizio De André;Via Della Croce;270
I Nomadi;Ala Bianca (Sixty Years On) (Remaster 1994);0
I Nomadi;La Città (2007 Remaster);0
I Nomadi;Riverisco (Parte 1: La Foresta) (2007 Remaster);0
I Nomadi;Suoni (Remaster 1994);0
Nomadi;Amici miei (Parte 4a);0
Nomadi;Amici miei (Parte 3a);0
Nomadi;Il vecchio e il bambino (live);0
Nomadi;Amici miei (Parte 2a);0
Nomadi;Ala Bianca (sixty years on);158
Nomadi;Amici miei (Parte 1a);0
Nomadi;La mia città;170
Nomadi;Utopia;279
Nomadi;Sera Bolognese;259
Nomadi;Jenny;230
Nomadi;I Tre Miti;250
Nomadi;Segnali caotici;230
Nomadi;Nella sera;232
Nomadi;Il falò;322
Nomadi;Casa mia;185
Nomadi;Rotolando va;207
Nomadi;Il treno della notte;176
I Nomadi;Dio È Morto (Remaster 1994);0
I Nomadi;Noi (Remaster 1994);0
I Nomadi;Baraduka' (Remaster 1994);0
I Nomadi;Il Disgelo (Remaster 1994);0
I Nomadi;Ma Piano (Per Non Svegliarmi) (Remaster 1994);0
I Nomadi;Per Fare Un Uomo (Remaster 1994);0
I Nomadi;Noi Non Ci Saremo (Remaster 1994);0
I Nomadi;Ti Voglio (Remaster 1994);0
I Nomadi;Quattro Lire E Noi (Remaster 1994);0
I Nomadi;Spegni Quella Luce (Remaster 1994);0
I Nomadi;Come Potete Giudicar (The Revolution Kind) (Remaster 1994);0
I Nomadi;Per Quando Noi Non Ci Saremo (Remaster 1994);0
Fabrizio De André;Laudate Dominum;20
Fabrizio De André;D'a Me Riva;186
Fabrizio De André;Sidùn;381
Estopa;Era (Bonus Track) (Maqueta);0
Fabrizio De André;Verdi Pascoli;315
Fabrizio De André;Franziska;331
Fabrizio De André;Hotel Supramonte;273
Fabrizio De André;Fiume Sand Creek;321
Fabrizio De André;Canto Del Servo Pastore;193
Grupo Frontera, Fuerza Regida;COQUETA (Letra Oficial);0
Maná;Aname Hasta Que Me Muera;0
Maná;Como Te Extraño Corazon;310
Maná;La sirena;329
Maná;En El Muelle De San Blas;353
Maná;Robame el Alma;244
Maná;Clavado en un bar;310
Maná;Tu Tienes Lo Que Quiero;278
Maná;Como Dueles en los Labios;248
Maná;Un lobo por tu amor;322
Humbe;CÓMO RESPIRAR??? (Visualizer);0
Maná;Hechicera;297
Melendi;Asturias [*];0
Melendi;Contando Primaveras;189
Melendi;Vuelvo A Traficar;226
Melendi;Hablando En Plata;185
Melendi;Un Recuerdo Que Olvidar;171
Melendi;Sin noticias de Holanda;237
Melendi;Sé lo que hicisteis;226
Melendi;Desde mi ventana;225
Jarabe de Palo;Desamor;0
Jarabe de Palo;El Lado Oscuro;288
Jarabe de Palo;Vuela;211
Jarabe de Palo;Quiero Ser Poeta;212
El Arrebato;Maldeamores;0
El Arrebato;Mucha gente;233
El Arrebato;Cantaré;217
El Arrebato;En el número catorce;282
El Arrebato;Callejeando;239
El Arrebato;Oju lo que la quiero;0
Modulos;Yesterday;321
Maná;No Me Mores Asi;0
Maná;La puerta azul;194
Maná;Perdido en un barco;252
Maná;Estoy agotado;233
Maná;Soledad;278
Maná;Gitana;257
Siniestro Total;Inundacion;145
Siniestro Total;Llevadme A Mi Texas Nata;246
Siniestro Total;Bajo sus propias pistolas;249
Siniestro Total;¿A quien vas a culpar?;0
Siniestro Total;Llueve;171
Enrique Morente - Topic;Tienes la Cara;0
Enrique Morente;aunque es de noche;250
Nick Cave & the Bad Seeds;Babe, I'm on Fire;886
Nick Cave & the Bad Seeds;Still in Love;284
Nick Cave & the Bad Seeds;Bring It On;323
Extremoduro;El duende del parque (versión 2004);256
The Doors;Easy Ride;155
R.E.M.;E-Bow the Letter;292
Netherworld;Atlantis;387
Modulos;realidad;298
Modulos;Nada Me Importa;213
Këkht Aräkh;Amor;148
Desakato;A la soledad;281
Oasis;Let's All Make Believe;233
Modulos;Piensa en mí - 2015 Remaster;0
Derek Warfield;Get Out Ye Black and Tans;169
Eric Clapton;Cocaine;218
Café Quijano;No Tienes Corazón (Con Joaquín Sabina);245
Modulos;Para un mundo diferente - 2015 Remaster;0
Billy Joel;Vienna;214
Los Punsetes;Una Persona Sospechosa;163
Modulos;Nada me importa - 2015 Remaster;0
Desakato;Tu disfraz;233
Big Brother & The Holding Company;Summertime;240
Nena;99 Luftballons;229
Fleetwood Mac;The Chain - 2004 Remaster;269
Smash;It´s only nothing;286
The Police;Don't Stand So Close to Me;201
Gorillaz;Feel Good Inc.;236
Modulos;Al ponerse el sol - 2015 Remaster;0
Lou Reed;Walk on the Wild Side;253
Airbag;Por Mil Noches;284
Modulos;Promesas - 2015 Remaster;0
Rels B;lo que hay x aquí;155
Fito Y Fitipaldis;Por la boca vive el pez;269
Jefferson Airplane;Tobacco Road;204
Wunderhorse;Teal;190
Extremoduro;Decidí - Versión 2004;153
The Police;Roxanne;192
Oasis;Stop Crying Your Heart Out;305
Scorpions;Wind of Change;310
Fito Y Fitipaldis;Me equivocaría otra vez;424
Sui Generis;Cuando Comenzamos A Nacer;163
Pink Floyd;Breathe (In the Air);175
Ghost;Life Eternal;207
Smash;Love millionaire;179
Estopa;Vino Tinto;199
